<?xml version="1.0" encoding="UTF-8"?>
<plugin>
  <name>HTML Purifier Plugin</name>
  <author>Dan Hoover</author>
<!-- Feel free to include your github repo here -->
  <website>https://www.userspice.com</website>

<!-- the version of the plugin iteself -->
  <version>1.0.1</version>

<!-- release date of THIS version -->
  <release>May 28, 2024</release>

<!-- the last version of UserSpice you tested the plugin with -->
  <tested>5.7.2</tested>

<!-- What does your plugin do? -->
  <description>HTML Purifier assists in cleaning HTML that the user will see. It adds some additional security to prevent things such as XSS attacks on HTMl that will be seen on user-facing pages. This is not a replacement for other security methods, but it is a nice additional step.  </description>

  <!-- This is the launch button in the plugin manager. If it is blank or missing, Configure Plugin will show up. -->
    <button>HTML Purifier</button>
</plugin>
