<?xml version="1.0" encoding="UTF-8"?>
<plugin>
  <name>GDPR/Cookie Plugin</name>
  <author>Dan Hoover</author>
<!-- Feel free to include your github repo here -->
  <website>https://www.userspice.com</website>

<!-- the version of the plugin iteself -->
  <version>1.0.7</version>

<!-- release date of THIS version -->
  <release>December 12, 2023</release>

<!-- the last version of UserSpice you tested the plugin with -->
  <tested>5.6.7</tested>

<!-- What does your plugin do? -->
  <description>Note: I am not a lawyer and do not make any claims as to the compliance of this plugin with any laws.
     Use of this plugin means you fully understand this and are using it at your own risk. All the text (including buttons) is
     changable in the control panel, so this will work with any language front end.
  </description>

 <!-- This is the launch button in the plugin manager -->
   <button>GDPR Config</button>
</plugin>
