<?xml version="1.0" encoding="UTF-8"?>
<plugin>
  <name>Membership Plugin</name>
  <author>Dan Hoover</author>
<!-- Feel free to include your github repo here -->
  <website>https://www.userspice.com</website>

<!-- the version of the plugin iteself -->
  <version>1.0.8</version>

<!-- release date of THIS version -->
  <release>January 1, 2026</release>

<!-- the last version of UserSpice you tested the plugin with -->
  <tested>6.0.0</tested>

<!-- What does your plugin do? -->
  <description>Allows you to add membership options to your UserSpice project. Each membership option is one of your existing
  permission levels, except that it is automatically added when the person pays and remove when the time expires. Note: While this is a functional plugin, it is designed to be a starting point to developing your own custom membership system. You may have to add code and custom script to do some of the things that you want to do. </description>

  <!-- This is the launch button in the plugin manager. If it is blank or missing, Configure Plugin will show up. -->
    <button>Membership</button>
</plugin>
