<?xml version="1.0" encoding="UTF-8"?>
<plugin>
  <name>CMS and Blog Plugin</name>
  <author>Dan Hoover</author>
<!-- Feel free to include your github repo here -->
  <website>https://www.userspice.com</website>

<!-- the version of the plugin iteself -->
  <version>1.0.1</version>

<!-- release date of THIS version -->
  <release>July 16,2020</release>

<!-- the last version of UserSpice you tested the plugin with -->
  <tested>5.1</tested>

<!-- What does your plugin do? -->
  <description>This is a very basic Content Management System ( CMS ) and blog platform for storing
    pages and content in your database. Documentation on plugin dashboard.
  </description>

  <!-- This is the launch button in the plugin manager. If it is blank or missing, Configure Plugin will show up. -->
    <button>CMS and Blog</button>
</plugin>
