<?xml version="1.0" encoding="UTF-8"?>
<plugin>
  <name>FormBuilder Plugin</name>
  <author>John Williams</author>
<!-- Feel free to include your github repo here -->
  <website>https://www.userspice.com</website>

<!-- the version of the plugin iteself -->
  <version>5</version>

<!-- release date of THIS version -->
  <release>June 04, 2019</release>

<!-- the last version of UserSpice you tested the plugin with -->
  <tested>5.0</tested>

<!-- What does your plugin do? -->
  <description>An alternative form builder for UserSpice 4.4 and 5</description>

  <!-- This is the launch button in the plugin manager. If it is blank or missing, Configure Plugin will show up. -->
    <button>Build/Manage Forms</button>
</plugin>
