<?xml version="1.0" encoding="UTF-8"?>
<plugin>
  <name>Referral Plugin</name>
  <author>Dan Hoover</author>
<!-- Feel free to include your github repo here -->
  <website>https://www.userspice.com</website>

<!-- the version of the plugin iteself -->
  <version>1.0.6</version>

<!-- release date of THIS version -->
  <release>October 24, 2022</release>

<!-- the last version of UserSpice you tested the plugin with -->
  <tested>5.5.0</tested>

<!-- What does your plugin do? -->
  <description>This is the refer-a-friend style plugin for UserSpice. It can also be used to restrict people from registering without a code.</description>

  <!-- This is the launch button in the plugin manager. If it is blank or missing, Configure Plugin will show up. -->
    <button>Referrals</button>
</plugin>
