<?xml version="1.0" encoding="UTF-8"?>
<plugin>
  <name>Google Login Plugin</name>
  <author>Dan Hoover</author>
<!-- Feel free to include your github repo here -->
  <website>https://www.userspice.com</website>

<!-- the version of the plugin iteself -->
  <version>1.0.4</version>

<!-- release date of THIS version -->
  <release>February 10, 2025</release>

<!-- the last version of UserSpice you tested the plugin with -->
  <tested>5.8.1</tested>

<!-- What does your plugin do? -->
  <description>This Google login plugin replaces the feature that was built into UserSpice 4.4 and below.</description>

  <!-- This is the launch button in the plugin manager. If it is blank or missing, Configure Plugin will show up. -->
    <button>Google Login Plugin</button>
</plugin>
