<?xml version="1.0" encoding="UTF-8"?>
<plugin>
  <name>Charts Plugin</name>
  <author>Dan Hoover</author>
<!-- Feel free to include your github repo here -->
  <website>https://www.userspice.com</website>

<!-- the version of the plugin iteself -->
  <version>1.0.2</version>

<!-- release date of THIS version -->
  <release>April 14,2021</release>

<!-- the last version of UserSpice you tested the plugin with -->
  <tested>5.2.7</tested>

<!-- What does your plugin do? -->
  <description>Make simple charts from data sets and db queries.</description>

  <!-- This is the launch button in the plugin manager. If it is blank or missing, Configure Plugin will show up. -->
    <button>Charts</button>
</plugin>
