<?xml version="1.0" encoding="UTF-8"?>
<plugin>
  <name>Webhooks Plugin</name>
  <author>Dan Hoover</author>
<!-- Feel free to include your github repo here -->
  <website>https://www.userspice.com</website>

<!-- the version of the plugin iteself -->
  <version>1.0.3</version>

<!-- release date of THIS version -->
  <release>December 22, 2023</release>

<!-- the last version of UserSpice you tested the plugin with -->
  <tested>5.6.7</tested>

<!-- What does your plugin do? -->
  <description>This is a plugin for receiving webhooks and either storing that information or for performing actions as they come in.</description>

  <!-- This is the launch button in the plugin manager. If it is blank or missing, Configure Plugin will show up. -->
    <button>Webhooks</button>
</plugin>
