<?xml version="1.0" encoding="UTF-8"?>
<plugin>
  <name>FLoC Off!</name>
  <author>Dan Hoover</author>
<!-- Feel free to include your github repo here -->
  <website>https://www.userspice.com</website>

<!-- the version of the plugin iteself -->
  <version>1.0.0</version>

<!-- release date of THIS version -->
  <release>April 22,2021</release>

<!-- the last version of UserSpice you tested the plugin with -->
  <tested>5.3</tested>

<!-- What does your plugin do? -->
  <description>Disables your website's participation in the Federated Learning of Cohorts ie FLoC program.</description>

  <!-- This is the launch button in the plugin manager. If it is blank or missing, Configure Plugin will show up. -->
    <button>FLoC Off!</button>
</plugin>
