<?xml version="1.0" encoding="UTF-8"?>
<plugin>
  <name>Hasher Plugin</name>
  <author>Dan Hoover</author>
<!-- Feel free to include your github repo here -->
  <website>https://www.userspice.com</website>

<!-- the version of the plugin iteself -->
  <version>1.0.3</version>

<!-- release date of THIS version -->
  <release>April 30, 2023</release>

<!-- the last version of UserSpice you tested the plugin with -->
  <tested>5.5.8</tested>

<!-- What does your plugin do? -->
  <description>This is the hasher plugin for UserSpice. If you want to upload plugins for others to download in SpiceShaker we need the latest hash.  Hashing is a great way to ensure files aren't changed between when you upload them and they are downloaded by your users.</description>

  <!-- This is the launch button in the plugin manager. If it is blank or missing, Configure Plugin will show up. -->
    <button>Hasher</button>
</plugin>
