<?xml version="1.0" encoding="UTF-8"?>
<plugin>
  <name>Clean URLs Plugin</name>
  <author>Dan Hoover</author>
<!-- Feel free to include your github repo here -->
  <website>https://www.userspice.com</website>

<!-- the version of the plugin iteself -->
  <version>1.0.2</version>

<!-- release date of THIS version -->
  <release>July 21, 2022</release>

<!-- the last version of UserSpice you tested the plugin with -->
  <tested>5.4.5</tested>

<!-- What does your plugin do? -->
  <description>This plugin walks you through the simple steps to enable clean(er) URLs in your UserSpice project.  It essentially strips the .php off.  This is a development tool to help us test bring the feature more mainstream.</description>

  <!-- This is the launch button in the plugin manager. If it is blank or missing, Configure Plugin will show up. -->
    <button>Clean URLs</button>
</plugin>
