<?xml version="1.0" encoding="UTF-8"?>
<plugin>
  <name>Stripe Credit Cards</name>
  <author>Dan Hoover</author>
<!-- Feel free to include your github repo here -->
  <website>https://www.userspice.com</website>

<!-- the version of the plugin iteself -->
  <version>1.0.3</version>

<!-- release date of THIS version -->
  <release>December 8, 2021</release>

<!-- the last version of UserSpice you tested the plugin with -->
  <tested>5.3.9</tested>

<!-- What does your plugin do? -->
  <description>Charge credit cards with stripe!  Be sure to setup your Stripe API keys on the config page.</description>

<!-- This is the launch button in the plugin manager -->
  <button>Stripe</button>
</plugin>
