<?xml version="1.0" encoding="UTF-8"?>
<plugin>
  <name>Tickets Plugin</name>
  <author>Dan Hoover</author>
<!-- Feel free to include your github repo here -->
  <website>https://www.userspice.com</website>

<!-- the version of the plugin iteself -->
  <version>1.0.1</version>

<!-- release date of THIS version -->
  <release>June 6,2021</release>

<!-- the last version of UserSpice you tested the plugin with -->
  <tested>5.3.3</tested>

<!-- What does your plugin do? -->
  <description>This is a basic support ticket system that is designed to either be used standalone or edited to create a more complex system. This plugin requires the UserSpice official form builder to display and modify your support tickets with no coding required.</description>

  <!-- This is the launch button in the plugin manager. If it is blank or missing, Configure Plugin will show up. -->
    <button>Tickets</button>
</plugin>
