<?xml version="1.0" encoding="UTF-8"?>
<plugin>
  <name>Simple Forum Plugin</name>
  <author>Dan Hoover</author>
<!-- Feel free to include your github repo here -->
  <website>https://www.userspice.com</website>

<!-- the version of the plugin iteself -->
  <version>0.2.0</version>

<!-- release date of THIS version -->
  <release>June 16, 2020</release>

<!-- the last version of UserSpice you tested the plugin with -->
  <tested>5.1</tested>

<!-- What does your plugin do? -->
  <description>This is a very simple forum software. Works with UserSpice permission levels.  It's made to either work as a standalone forum or as a code example for you to fork (copy usersc/plugins/forum to usersc/plugins/yourname) so you can make your own more advanced forum.</description>

  <!-- This is the launch button in the plugin manager. If it is blank or missing, Configure Plugin will show up. -->
    <button>Simple Forum</button>
</plugin>
