<?xml version="1.0" encoding="UTF-8"?>
<plugin>
  <name>User Info Plugin</name>
  <author>Dan Hoover</author>
<!-- Feel free to include your github repo here -->
  <website>https://www.userspice.com</website>

<!-- the version of the plugin iteself -->
  <version>1.0.2</version>

<!-- release date of THIS version -->
  <release>July 16, 2020</release>

<!-- the last version of UserSpice you tested the plugin with -->
  <tested>5.1.5</tested>

<!-- What does your plugin do? -->
  <description>Requires 5.1 or later. Allows you to add or remove fields used in user creation. Uses the Official
  Form Builder (v1.1.3 or later) plugin to add fields. Without that plugin installed, you lose some functionality. </description>

  <!-- This is the launch button in the plugin manager. If it is blank or missing, Configure Plugin will show up. -->
    <button>User Info</button>
</plugin>
