<?xml version="1.0" encoding="UTF-8"?>
<plugin>
  <name>API Builder Plugin</name>
  <author>Dan Hoover</author>
<!-- Feel free to include your github repo here -->
  <website>https://www.userspice.com</website>

<!-- the version of the plugin iteself -->
  <version>2.1.0</version>

<!-- release date of THIS version -->
  <release>December 3, 2021</release>

<!-- the last version of UserSpice you tested the plugin with -->
  <tested>5.3.9</tested>

<!-- What does your plugin do? -->
  <description>This is the API Builder plugin for UserSpice. It gives you the tools you need to build secure APIs. Offers various modes of authentication from keypools to ip locking or a combination of security options.  Includes a built in generic UserSpice API to allow you to perform any action that a typical UserSpice non-admin user can do.</description>

  <!-- This is the launch button in the plugin manager. If it is blank or missing, Configure Plugin will show up. -->
    <button>API Builder</button>
</plugin>
