<?xml version="1.0" encoding="UTF-8"?>
<plugin>
  <name>API Builder Plugin</name>
  <author>Dan Hoover</author>
<!-- Feel free to include your github repo here -->
  <website>https://www.userspice.com</website>

<!-- the version of the plugin iteself -->
  <version>1.0.3</version>

<!-- release date of THIS version -->
  <release>May 25,2020</release>

<!-- the last version of UserSpice you tested the plugin with -->
  <tested>5.1.2</tested>

<!-- What does your plugin do? -->
  <description>This is the API Builder plugin for UserSpice. It gives you the tools you need to build secure APIs. Offers various modes of authentication from keypools to ip locking or a combination of security options.</description>

  <!-- This is the launch button in the plugin manager. If it is blank or missing, Configure Plugin will show up. -->
    <button>Run API Builder</button>
</plugin>
