<?xml version="1.0" encoding="UTF-8"?>
<plugin>
  <name>Notifications Plugin</name>
  <author>Dan Hoover</author>
<!-- Feel free to include your github repo here -->
  <website>https://www.userspice.com</website>

<!-- the version of the plugin iteself -->
  <version>1.00</version>

<!-- release date of THIS version -->
  <release>July 27,2019</release>

<!-- the last version of UserSpice you tested the plugin with -->
  <tested>5.0</tested>

<!-- What does your plugin do? -->
  <description>Bring the UserSpice 4 Notifications system to UserSpice 5...or use this as a guide to create your own plugin.</description>

  <!-- This is the launch button in the plugin manager. If it is blank or missing, Configure Plugin will show up. -->
    <button>Notifications System</button>
</plugin>
