<?xml version="1.0" encoding="UTF-8"?>
<plugin>
  <name>Form Builder Plugin</name>
  <author>Dan Hoover</author>
<!-- Feel free to include your github repo here -->
  <website>https://www.userspice.com</website>

<!-- the version of the plugin iteself -->
  <version>2.2.0</version>

<!-- release date of THIS version -->
  <release>June 19, 2023</release>

<!-- the last version of UserSpice you tested the plugin with -->
  <tested>5.6.1</tested>

<!-- What does your plugin do? -->
  <description>OFFICIAL US5 Form Builder. A simple form builder for UserSpice with validation and some decent flexibility.  It also integrates with other plugins to help you develop with minimal code. As of Version 2.0.5, form views can be used in conjunction with the API Builder plugin to create API Endpoints.</description>

  <!-- This is the launch button in the plugin manager. If it is blank or missing, Configure Plugin will show up. -->
    <button>Form Builder</button>
</plugin>
