<?xml version="1.0" encoding="UTF-8"?>
<plugin>
  <name>Community Functions Plugin</name>
  <author>Dan Hoover</author>
<!-- Feel free to include your github repo here -->
  <website>https://www.userspice.com</website>

<!-- the version of the plugin iteself -->
  <version>1.0.2</version>

<!-- release date of THIS version -->
  <release>May 8, 2020</release>

<!-- the last version of UserSpice you tested the plugin with -->
  <tested>5.1.2</tested>

<!-- What does your plugin do? -->
  <description>Install community-provided and optional functions for your UserSpice project. Hottie.</description>

  <!-- This is the launch button in the plugin manager. If it is blank or missing, Configure Plugin will show up. -->
    <button>Community Functions</button>
</plugin>
