<?xml version="1.0" encoding="UTF-8"?>
<plugin>
  <name>MySQL Expert Plugin</name>
  <author>Jamie Howard and Dan Hoover</author>
<!-- Feel free to include your github repo here -->
  <website>https://www.userspice.com</website>

<!-- the version of the plugin iteself -->
  <version>2.0.4</version>

<!-- release date of THIS version -->
  <release>January 1, 2026</release>

<!-- the last version of UserSpice you tested the plugin with -->
  <tested>6.0.0</tested>

<!-- What does your plugin do? -->
  <description>This is a very powerful plugin that lets your run (and save!) direct MySQL queries on your database. Also includes a DB Browser.
  It is designed as an alternative to something like phpMyAdmin for people who know what they're doing!  Use at your own risk. It does not hold your hand
  in most situations. You can even paste reasonably sized SQL dumps into the textarea. Master Account Only.</description>

  <!-- This is the launch button in the plugin manager. If it is blank or missing, Configure Plugin will show up. -->
    <button>MySQL Expert</button>
</plugin>
