<?xml version="1.0" encoding="UTF-8"?>
<plugin>
  <name>Snippets</name>
  <author>Jamie Howard</author>
<!-- Feel free to include your github repo here -->
  <website>https://github.com/jamiehoward430/codesnippets</website>

<!-- the version of the plugin iteself -->
  <version>1.0.2</version>

<!-- release date of THIS version -->
  <release>December 22,2023</release>

<!-- the last version of UserSpice you tested the plugin with -->
  <tested>5.5.8</tested>

<!-- What does your plugin do? -->
  <description>Create and save code snippets</description>

  <!-- This is the launch button in the plugin manager. If it is blank or missing, Configure Plugin will show up. -->
    <button>Snippets</button>
</plugin>
