<?xml version="1.0" encoding="UTF-8"?>
<plugin>
  <name>Hand and Foot Scorekeeper</name>
  <author>UserSpice</author>
  <website>https://www.userspice.com</website>

<!-- the version of the plugin iteself -->
  <version>1.0.1</version>

<!-- release date of THIS version -->
  <release>December 4, 2025</release>

<!-- the last version of UserSpice you tested the plugin with -->
  <tested>6.0.0</tested>

<!-- you can specify your icon in the userspice menu, but note wider icons look weird  -->
  <fa_icon>fa fa-cards</fa_icon>

<!-- What does your plugin do? -->
  <description>A scoring system for the Hand and Foot card game with configurable rulesets.</description>

  <!-- This is the launch button in the plugin manager. If it is blank or missing, Configure Plugin will show up. -->
    <button>Hand and Foot</button>
</plugin>
