<?xml version="1.0" encoding="UTF-8"?>
<plugin>
  <name>CronPro Plugin</name>
  <author>Dan Hoover</author>
<!-- Feel free to include your github repo here -->
  <website>https://www.userspice.com</website>

<!-- the version of the plugin iteself -->
  <version>1.0.3</version>

<!-- release date of THIS version -->
  <release>January 1, 2026</release>

<!-- the last version of UserSpice you tested the plugin with -->
  <tested>6.0.0</tested>

<!-- What does your plugin do? -->
  <description>CronPro is a Cron receiver for UserSpice primarily designed for scheduling and maintenance-related tasks. The gist of how it works is that you set your servers's cron manager to hit this plugin at a regular interval. When hit, the plugin looks in the database to see if there are any scheduled tasks. If there are, it runs them and marks them complete. Requires PHP 7.2 or later. </description>

  <!-- This is the launch button in the plugin manager. If it is blank or missing, Configure Plugin will show up. -->
    <button>CronPro</button>
</plugin>
