<?xml version="1.0" encoding="UTF-8"?>
<plugin>
  <name>Facebook Login Plugin</name>
  <author>Dan Hoover</author>
<!-- Feel free to include your github repo here -->
  <website>https://www.userspice.com</website>

<!-- the version of the plugin iteself -->
  <version>1.0.0</version>

<!-- release date of THIS version -->
  <release>May 18, 2019</release>

<!-- the last version of UserSpice you tested the plugin with -->
  <tested>5.0</tested>

<!-- What does your plugin do? -->
  <description>This Facebook login plugin replaces the one that was built into 4.4 and below.</description>

  <!-- This is the launch button in the plugin manager. If it is blank or missing, Configure Plugin will show up. -->
    <button>Configure Facebook</button>
</plugin>
