<?xml version="1.0" encoding="UTF-8"?>
<plugin>
  <name>Facebook Login Plugin</name>
  <author>Dan Hoover and BangingHeads</author>
<!-- Feel free to include your github repo here -->
  <website>https://www.userspice.com</website>

<!-- the version of the plugin iteself -->
  <version>2.2.2</version>

<!-- release date of THIS version -->
  <release>January 1, 2026</release>

<!-- the last version of UserSpice you tested the plugin with -->
  <tested>6.0.0</tested>

<!-- What does your plugin do? -->
  <description>Requires UserSpice v5.7+. For older versions, download Facebook Login Legacy.  Allows users to both register and login with Facebook and will merge accounts if multiple login methods are used from the same email address.
  </description>

  <!-- This is the launch button in the plugin manager. If it is blank or missing, Configure Plugin will show up. -->
    <button>Facebook Login</button>
</plugin>
