<?xml version="1.0" encoding="UTF-8"?>
<plugin>
  <name>Twilio Plugin</name>
  <author>Dan Hoover</author>
<!-- Feel free to include your github repo here -->
  <website>https://www.userspice.com</website>

<!-- the version of the plugin iteself -->
  <version>1.0.3</version>

<!-- release date of THIS version -->
  <release>April 29, 2023</release>

<!-- the last version of UserSpice you tested the plugin with -->
  <tested>5.5.8</tested>

<!-- What does your plugin do? -->
  <description>The Twilio plugin allows you to send SMS text messages pretty much anywhere in the world with minimal configuration and great documentation. Beyond that, it gives you access to the entire Twilio suite of services. </description>

  <!-- This is the launch button in the plugin manager. If it is blank or missing, Configure Plugin will show up. -->
    <button>Twilio</button>
</plugin>
