<?xml version="1.0" encoding="UTF-8"?>
<plugin>
  <name>Profile Pic Plugin</name>
  <author>Dan Hoover</author>
<!-- Feel free to include your github repo here -->
  <website>https://www.userspice.com</website>

<!-- the version of the plugin iteself -->
  <version>1.0.4</version>

<!-- release date of THIS version -->
  <release>January 4, 2020</release>

<!-- the last version of UserSpice you tested the plugin with -->
  <tested>5.0</tested>

<!-- What does your plugin do? -->
  <description>When enabled, your users can change their profile pics with photos they upload.</description>

  <!-- This is the launch button in the plugin manager. If it is blank or missing, Configure Plugin will show up. -->
    <button>Profile Pics</button>
</plugin>
