<?xml version="1.0" encoding="UTF-8"?>
<plugin>
  <name>OAuth Server Plugin</name>
  <author>Dan Hoover</author>
<!-- Feel free to include your github repo here -->
  <website>https://www.userspice.com</website>

<!-- the version of the plugin iteself -->
  <version>1.0.2</version>

<!-- release date of THIS version -->
  <release>October 26,2024</release>

<!-- the last version of UserSpice you tested the plugin with -->
  <tested>5.7.9</tested>

<!-- you can specify your icon in the userspice menu, but note wider icons look weird  -->
  <fa_icon>fa fa-plug</fa_icon>

<!-- What does your plugin do? -->
  <description>The OAuth Server plugin allows you to use one UserSpice install to authenticate your users and pass information between them.  Should be used in combination with the UserSpice OAuth Client plugin as well as the vanilla OAuth Clients, the WordPress UserSpice Login Plugin, or one of the many examples that can be found in the client plugin's examples folders.</description>

  <!-- This is the launch button in the plugin manager. If it is blank or missing, Configure Plugin will show up. -->
    <button>OAuth Server</button>
</plugin>
