<?xml version="1.0" encoding="UTF-8"?>
<plugin>
  <name>Store Plugin</name>
  <author>Dan Hoover</author>
<!-- Feel free to include your github repo here -->
  <website>https://www.userspice.com</website>

<!-- the version of the plugin iteself -->
  <version>1.0.0</version>

<!-- release date of THIS version -->
  <release>May 19, 2023</release>

<!-- the last version of UserSpice you tested the plugin with -->
  <tested>5.5.8</tested>

<!-- What does your plugin do? -->
  <description>This is the store plugin for UserSpice. It's very basic and primarily designed to be a starting point for your own store design.  </description>

  <!-- This is the launch button in the plugin manager. If it is blank or missing, Configure Plugin will show up. -->
    <button>Store</button>
</plugin>
