<?xml version="1.0" encoding="UTF-8"?>
<plugin>
  <name>Brevo Sendinblue Plugin</name>
  <author>Dan Hoover</author>
<!-- Feel free to include your github repo here -->
  <website>https://www.userspice.com</website>

<!-- the version of the plugin iteself -->
  <version>1.3.2</version>

<!-- release date of THIS version -->
  <release>January 1, 2026</release>

<!-- the last version of UserSpice you tested the plugin with -->
  <tested>6.0.0</tested>

<!-- What does your plugin do? -->
  <description>Brevo (formerly Sendinblue) replaces phpmailer and allows you to send emails via an API to avoid a lot of the headaches of traditional SMTP. Sendinblue lets you send 300 emails per day, free of charge (no credit card required), which is perfect for password resets etc for most UserSpice projects.  Now accepts attachments. New features allow you to send test emails as well as override all core email functions in UserSpice. </description>

  <!-- This is the launch button in the plugin manager. If it is blank or missing, Configure Plugin will show up. -->
    <button>Brevo Sendinblue</button>
</plugin>
