<?xml version="1.0" encoding="UTF-8"?>
<plugin>
  <name>Game Show Plugin</name>
  <author>Dan Hoover</author>
<!-- Feel free to include your github repo here -->
  <website>https://www.userspice.com</website>

<!-- the version of the plugin iteself -->
  <version>1.0.3</version>

<!-- release date of THIS version -->
  <release>July 21,2022</release>

<!-- the last version of UserSpice you tested the plugin with -->
  <tested>5.4.5</tested>

<!-- What does your plugin do? -->
  <description>This is the UI for the DIY Game Show and DIY Race Timers platform.  It is a rather full-featured application that allows you to interact with your game show hardware or even use virtual controls</description>

  <!-- This is the launch button in the plugin manager. If it is blank or missing, Configure Plugin will show up. -->
    <button>Game Show</button>
</plugin>
