<?xml version="1.0" encoding="UTF-8"?>
<plugin>
  <name>Comments Plugin</name>
  <author>Dan Hoover</author>
<!-- Feel free to include your github repo here -->
  <website>https://www.userspice.com</website>

<!-- the version of the plugin iteself -->
  <version>1.0.5</version>

<!-- release date of THIS version -->
  <release>May 26, 2021</release>

<!-- the last version of UserSpice you tested the plugin with -->
  <tested>5.3.1</tested>

<!-- What does your plugin do? -->
  <description>A simple plugin allowing users to comment on content.</description>

  <!-- This is the launch button in the plugin manager. If it is blank or missing, Configure Plugin will show up. -->
    <button>Comments</button>
</plugin>
