<?xml version="1.0" encoding="UTF-8"?>
<plugin>
  <name>LDAP Plugin</name>
  <author>Mudmin and Anasaz</author>
<!-- Feel free to include your github repo here -->
  <website>https://www.userspice.com</website>

<!-- the version of the plugin iteself -->
  <version>1.0.2</version>

<!-- release date of THIS version -->
  <release>January 20, 2021</release>

<!-- the last version of UserSpice you tested the plugin with -->
  <tested>5.2.3</tested>

<!-- What does your plugin do? -->
  <description>Login with LDAP. Please note, for security reasons, if you use this plugin, all logins and joins (other than user 1 master admin) must be through LDAP.  Please go to the config page for more information.</description>

  <!-- This is the launch button in the plugin manager. If it is blank or missing, Configure Plugin will show up. -->
    <button>LDAP Config</button>
</plugin>
