<?xml version="1.0" encoding="UTF-8"?>
<plugin>
  <name>Ye Olde Bio/Profile System</name>
  <author>Dan Hoover</author>
<!-- Feel free to include your github repo here -->
  <website>https://www.userspice.com</website>

<!-- the version of the plugin iteself -->
  <version>1.0.7</version>

<!-- release date of THIS version -->
  <release>September 19, 2025</release>

<!-- the last version of UserSpice you tested the plugin with -->
  <tested>6.0.0</tested>

<!-- What does your plugin do? -->
  <description>This is old user bio system from UserSpice 3,and 4x. Will allow your users to have a bio. </description>

  <!-- This is the launch button in the plugin manager. If it is blank or missing, Configure Plugin will show up. -->
    <button>Bio</button>
</plugin>
