<?xml version="1.0" encoding="UTF-8"?>
<plugin>
  <name>IP Lock Plugin</name>
  <author>Dan Hoover</author>
<!-- Feel free to include your github repo here -->
  <website>https://www.userspice.com</website>

<!-- the version of the plugin iteself -->
  <version>1.0.0</version>

<!-- release date of THIS version -->
  <release>April 17,2020</release>

<!-- the last version of UserSpice you tested the plugin with -->
  <tested>5.1</tested>

<!-- What does your plugin do? -->
  <description>This plugin works in conjunction with UserSpice's built in IP whitelist and allows you to
  force users or admins to be on the whitelist in order to use your site. You can even kill the entire site
  for IPs not on the whitelist.
  </description>

  <!-- This is the launch button in the plugin manager. If it is blank or missing, Configure Plugin will show up. -->
    <button>IP Lock</button>
</plugin>
