<?xml version="1.0" encoding="UTF-8"?>
<plugin>
  <name>Messaging Plugin</name>
  <author>Dan Hoover</author>
<!-- Feel free to include your github repo here -->
  <website>https://www.userspice.com</website>

<!-- the version of the plugin iteself -->
  <version>1.0.3</version>

<!-- release date of THIS version -->
  <release>July 31,2024</release>

<!-- the last version of UserSpice you tested the plugin with -->
  <tested>5.7.7</tested>

<!-- What does your plugin do? -->
  <description>A unified messaging plugin. It does messaging type things. It supports several notification types such as alerts and notifications.  Has DMs.  Messaging is currently one way, with 2 way messaging coming to DMs soon. Includes UltraMenu integration and notification sounds. </description>

  <!-- This is the launch button in the plugin manager. If it is blank or missing, Configure Plugin will show up. -->
    <button>Messaging</button>
</plugin>
