<?xml version="1.0" encoding="UTF-8"?>
<plugin>
  <name>Software-as-a-Service Plugin</name>
  <author>Dan Hoover</author>
<!-- Feel free to include your github repo here -->
  <website>https://www.userspice.com</website>

<!-- the version of the plugin iteself -->
  <version>1.0.0</version>

<!-- release date of THIS version -->
  <release>April 1,2020</release>

<!-- the last version of UserSpice you tested the plugin with -->
  <tested>5.0.9</tested>

<!-- What does your plugin do? -->
  <description>Essentially allows your users to have and manage their own users. Can be used for organizations, software-as-a-service, companies, etc. Documentation inside the plugin.
    Logo by Benjamin J Sperry.</description>

  <!-- This is the launch button in the plugin manager. If it is blank or missing, Configure Plugin will show up. -->
    <button>SAAS</button>
</plugin>
