<?xml version="1.0" encoding="UTF-8"?>
<plugin>
  <name>User Manager Plugin</name>
  <author>Dan Hoover</author>
<!-- Feel free to include your github repo here -->
  <website>https://www.userspice.com</website>

<!-- the version of the plugin iteself -->
  <version>1.00</version>

<!-- release date of THIS version -->
  <release>December 12,2018</release>

<!-- the last version of UserSpice you tested the plugin with -->
  <tested>4.4</tested>

<!-- What does your plugin do? -->
  <description>This is a highly configurable User Manager where you can decide what your admins are and are not allowed to do.</description>

  <!-- This is the launch button in the plugin manager. If it is blank or missing, Configure Plugin will show up. -->
    <button>Configure</button>
</plugin>
