<?xml version="1.0" encoding="UTF-8"?>
<plugin>
  <name>OAuth Client Plugin</name>
  <author>Dan Hoover</author>
<!-- Feel free to include your github repo here -->
  <website>https://www.userspice.com</website>

<!-- the version of the plugin iteself -->
  <version>1.0.1</version>

<!-- release date of THIS version -->
  <release>August 11,2024</release>

<!-- the last version of UserSpice you tested the plugin with -->
  <tested>5.7.7</tested>

<!-- you can specify your icon in the userspice menu, but note wider icons look weird  -->
  <fa_icon>fa fa-plug</fa_icon>

<!-- What does your plugin do? -->
  <description>This OAuth Client plugin allows you to use one UserSpice install (using the OAuth Server) Plugin as an authenticator one or multiple other installs. </description>

  <!-- This is the launch button in the plugin manager. If it is blank or missing, Configure Plugin will show up. -->
    <button>OAuth Client</button>
</plugin>
