<?xml version="1.0" encoding="UTF-8"?>
<plugin>
  <name>Database Manager</name>
  <author>Dan Hoover</author>
<!-- Feel free to include your github repo here -->
  <website>http://userspice.com</website>

<!-- the version of the plugin iteself -->
  <version>1.9.170730</version>

<!-- release date of THIS version -->
  <release>August 28, 2019</release>

<!-- the last version of UserSpice you tested the plugin with -->
  <tested>5.0.1</tested>

<!-- What does your plugin do? -->
  <description>An extremely lightweight phpMyAdmin-type plugin based on https://sourceforge.net/projects/phpminiadmin/ by Oleg Savchuk.</description>

<!-- This is the launch button in the plugin manager -->
  <button>Run DBMan</button>
</plugin>
